id,max similarity
2.py,0.8046875
1.py,0.8046875
